<?xml version="1.0" encoding="utf-8"?>
<!-- 
    The ModuleAttributeList.xml gives you the ability to edit how the Weldingtool will process the merging of certain modules and their attributes.

    Caution! Editing this file may result in broken welded parts or even not welded  parts at all.

    If you delete this file and the config.xml, then the welding tool will provide you with fresh generated files that contain the default values.

    <Vector2CurveModules> section is the list of modules that have to be read as vector2 curves, as an example the ISP of an RCS thruster.

    In <Vector4CurveModules> list are modules that will be read as vector4Curves that means they will create curves from floatpoints and tangents. There is a thread in the forum just about the magic of floatpoint tangents.

    <SubModules> list contains the Submodules that otherwise would be ignored and not merged, Adding an entry here will give the tool the ability to merge the attributes in it.

    Modules in <ModulesToIgnore> list will be completly ignored from the tool and not get added to the new part.

    Modules in <ModulesToMultiply> list will be added to the new part no matter how often it already exists.

    Entries in <MaximizedModuleAttributes> will always be limited to the highest value that is found in any of the welded parts

    Entries in <AveragedModuleAttributes> will make sure that the tool will not simply add the values of this attribute from the different parts and modules up, but will calculate it as aritmetric mean (average).

    Entries in <UnchangedModuleAttributes> list will give the tool the order to not merge the values for this attribute.

    <BreakingModuleAttributes> might be the most important list of Attributes, the entries here will give the tool the order to check if the values of these attributes are equal, and only allow then the merging or the module, otherwise a new module would be added.

    To add a new entry to the list so that the welding process will make use of it, you need to name it the way the toll can read, currently that means 'name of the module'+'_'+'name of the attribute'.
-->

<ModuleAttributeLists xmlns:xsi="http://www.w3.org/2001/XMLSchema-instance" xmlns:xsd="http://www.w3.org/2001/XMLSchema" xmlns="KSP-Forum">
  <Vector2CurveModules>
    <ModuleAttribute AttributeName="atmosphereCurve" />
	<ModuleAttribute AttributeName="alphaCurve" />
  </Vector2CurveModules>
  <Vector4CurveModules>
    <ModuleAttribute AttributeName="velocityCurve" />
    <ModuleAttribute AttributeName="powerCurve" />
	<ModuleAttribute AttributeName="redCurve" />
	<ModuleAttribute AttributeName="greenCurve" />
	<ModuleAttribute AttributeName="blueCurve" />
  </Vector4CurveModules>
  <SubModules>
    <ModuleAttribute AttributeName="RESOURCE" />
    <ModuleAttribute AttributeName="OUTPUT_RESOURCE" />
    <ModuleAttribute AttributeName="INPUT_RESOURCE" />
    <ModuleAttribute AttributeName="PROPELLANT" />
  </SubModules>
  <ModulesToIgnore>
    <ModuleAttribute AttributeName="TweakScale" />
    <ModuleAttribute AttributeName="FMRS_PM" />
    <ModuleAttribute AttributeName="Variometer" />
    <ModuleAttribute AttributeName="TrajectoriesVesselSettings" />
    <ModuleAttribute AttributeName="TelemachusDataLink" />
    <ModuleAttribute AttributeName="TelemachusPowerDrain" />
    <ModuleAttribute AttributeName="ProbeControlRoomPart" />
    <ModuleAttribute AttributeName="RasterPropMonitorComputer" />
    <ModuleAttribute AttributeName="Proximity" />
    <ModuleAttribute AttributeName="LazorSystemDockingCamera" />
    <ModuleAttribute AttributeName="ModuleDockingNodeController" />
    <ModuleAttribute AttributeName="ModuleDockingNodeNamed" />
    <ModuleAttribute AttributeName="ModuleStagingToggle" />
    <ModuleAttribute AttributeName="GoodspeedPump" />
    <ModuleAttribute AttributeName="ModuleTweakableDockingNode" />
    <ModuleAttribute AttributeName="KASModuleGrab" />
    <ModuleAttribute AttributeName="ModuleTweakableRCS" />
    <ModuleAttribute AttributeName="ModuleTweakableSolarPanel" />
    <ModuleAttribute AttributeName="CModuleStrut" />
    <ModuleAttribute AttributeName="CModuleFuelLine" />
    <ModuleAttribute AttributeName="CModuleLinkedMesh" />
    <ModuleAttribute AttributeName="InterstellarMeshSwitch" />
    <ModuleAttribute AttributeName="InterstellarFuelSwitch" />
    <ModuleAttribute AttributeName="FSfuelSwitch" />
    <ModuleAttribute AttributeName="ModuleConnectedLivingSpace" />
    <ModuleAttribute AttributeName="ModuleTweakableJettison" />
    <ModuleAttribute AttributeName="ModuleTweakableReactionWheel" />
    <ModuleAttribute AttributeName="ModuleTweakableSAS" />
    <ModuleAttribute AttributeName="PilotRSASFix" />
    <ModuleAttribute AttributeName="ModuleTweakableFuelPump" />
    <ModuleAttribute AttributeName="CrewManifestModule" />
    <ModuleAttribute AttributeName="FARPartModule" />
    <ModuleAttribute AttributeName="FARAeroPartModule" />
    <ModuleAttribute AttributeName="GeometryPartModule" />
	<ModuleAttribute AttributeName="ModuleJettison" />
	<ModuleAttribute AttributeName="SCANRPMStorage" />
    <ModuleAttribute AttributeName="ModuleTCA" />
	<ModuleAttribute AttributeName="ModuleB9PartSwitch" />
	<ModuleAttribute AttributeName="ModuleB9PartInfo" />
    <ModuleAttribute AttributeName="WeldedMeshSwitch" />
	<ModuleAttribute AttributeName="WeldedFlagDecal" />
  </ModulesToIgnore>
  <ModulesToMultiply>
    <ModuleAttribute AttributeName="AntimatterCollector" />
  </ModulesToMultiply>
  <MaximizedModuleAttributes>
    <ModuleAttribute AttributeName="ModuleSAS_SASServiceLevel" />
	<ModuleAttribute AttributeName="ModuleKerbNetAccess_EnhancedMaximumFoV" />
	<ModuleAttribute AttributeName="ModuleKerbNetAccess_MaximumFoV" />
	<ModuleAttribute AttributeName="ModuleResourceScanner_MaxAbundanceAltitude" />
	<ModuleAttribute AttributeName="ModuleReactionWheel_torqueResponseSpeed" />
  </MaximizedModuleAttributes>
  <MinimizedModuleAttributes>
	<ModuleAttribute AttributeName="ModuleCommand_minimumCrew" />
	<ModuleAttribute AttributeName="ModuleKerbNetAccess_EnhancedMinimumFoV" />
	<ModuleAttribute AttributeName="ModuleKerbNetAccess_MinimumFoV" />
	<ModuleAttribute AttributeName="ModuleResourceConverter_FillAmount" />
  </MinimizedModuleAttributes>
  <AveragedModuleAttributes>
    <ModuleAttribute AttributeName="FNAntimatterReactor_ReactorTemp" />
    <ModuleAttribute AttributeName="FNAntimatterReactor_upgradedReactorTemp" />
    <ModuleAttribute AttributeName="FNAntimatterReactor_radius" />
    <ModuleAttribute AttributeName="ModuleScienceExperiment_interactionRange" />
    <ModuleAttribute AttributeName="ModuleScienceExperiment_xmitDataScalar" />
    <ModuleAttribute AttributeName="ModuleScienceLab_interactionRange" />
    <ModuleAttribute AttributeName="ModuleScienceLab_dataTransmissionBoost" />
    <ModuleAttribute AttributeName="ModuleScienceContainer_storageRange" />
    <ModuleAttribute AttributeName="ModuleCommand_minimumCrew" />
    <ModuleAttribute AttributeName="ModuleRCS_thrusterPower" />
  </AveragedModuleAttributes>
  <UnchangedModuleAttributes>
    <ModuleAttribute AttributeName="ModuleScienceLab_crewsRequired" />
    <ModuleAttribute AttributeName="ModuleScienceLab_containerModuleIndex" />
    <ModuleAttribute AttributeName="ModuleTestSubject_environments" />
  </UnchangedModuleAttributes>
  <BreakingModuleAttributes>
    <ModuleAttribute AttributeName="FNAntimatterReactor_radius" />
    <ModuleAttribute AttributeName="ModuleScienceExperiment_experimentID" />
    <ModuleAttribute AttributeName="DMModuleScienceAnimate_experimentID" />
    <ModuleAttribute AttributeName="ModuleDeployableSolarPanel_animationName" />
    <ModuleAttribute AttributeName="ModuleFuelTanks_type" />
    <ModuleAttribute AttributeName="FlagDecal_textureQuadName" />
    <ModuleAttribute AttributeName="OUTPUT_RESOURCE_ResourceName" />
    <ModuleAttribute AttributeName="INPUT_RESOURCE_ResourceName" />
	<ModuleAttribute AttributeName="UPGRADE_name__" />
	<ModuleAttribute AttributeName="PROPELLANT_name" />
	<ModuleAttribute AttributeName="ModuleEnviroSensor_sensorType" />
  </BreakingModuleAttributes>
</ModuleAttributeLists>
